"Date","Time","Time (abs)","Actual Axle Torque (Value [Nm])","Steering Wheel Angle (Value [deg])","Vehicle Speed Average Driven (Value [km / h])"
2026-04-15,16-01-51,1970.834,2.0,-0.69,5.11
2026-04-15,16-01-51,1970.844,2.0,-0.75,5.11
2026-04-15,16-01-51,1970.854,2.0,-0.75,5.11
2026-04-15,16-01-51,1970.864,2.0,-0.69,5.11
2026-04-15,16-01-51,1970.874,2.0,-0.75,5.11
2026-04-15,16-01-51,1970.884,2.0,-0.75,5.11
2026-04-15,16-01-51,1970.894,2.0,-0.75,5.11
2026-04-15,16-01-51,1970.904,2.0,-0.75,5.11
2026-04-15,16-01-51,1970.914,2.0,-0.62,5.11
2026-04-15,16-01-51,1970.924,2.0,-0.69,5.11
2026-04-15,16-01-51,1970.934,2.0,-0.62,5.11
2026-04-15,16-01-51,1970.944,2.0,-0.69,5.11
2026-04-15,16-01-51,1970.954,2.0,-0.75,5.11
2026-04-15,16-01-51,1970.964,2.0,-0.69,5.11
2026-04-15,16-01-51,1970.974,2.0,-0.69,5.11
2026-04-15,16-01-51,1970.985,2.0,-0.69,5.11
2026-04-15,16-01-51,1970.996,2.0,-0.69,5.11
2026-04-15,16-01-51,1971.006,2.0,-0.69,5.11
2026-04-15,16-01-51,1971.016,2.0,-0.75,5.11
2026-04-15,16-01-51,1971.026,2.0,-0.69,5.11
2026-04-15,16-01-51,1971.036,2.0,-0.75,5.12
2026-04-15,16-01-51,1971.046,2.0,-0.69,5.12
2026-04-15,16-01-51,1971.056,2.0,-0.75,5.12
2026-04-15,16-01-51,1971.066,2.0,-0.69,5.12
2026-04-15,16-01-51,1971.076,2.0,-0.69,5.12
2026-04-15,16-01-51,1971.086,2.0,-0.69,5.12
2026-04-15,16-01-51,1971.096,2.0,-0.75,5.12
2026-04-15,16-01-51,1971.106,2.0,-0.75,5.12
2026-04-15,16-01-51,1971.116,2.0,-0.62,5.12
2026-04-15,16-01-51,1971.126,6.0,-0.69,5.12
2026-04-15,16-01-51,1971.136,6.0,-0.62,5.12
2026-04-15,16-01-51,1971.146,6.0,-0.62,5.12
2026-04-15,16-01-51,1971.156,6.0,-0.75,5.12
2026-04-15,16-01-51,1971.166,6.0,-0.81,5.12
2026-04-15,16-01-51,1971.176,8.0,-0.69,5.12
2026-04-15,16-01-51,1971.186,8.0,-0.81,5.12
2026-04-15,16-01-51,1971.196,8.0,-0.81,5.12
2026-04-15,16-01-51,1971.206,8.0,-0.75,5.12
2026-04-15,16-01-51,1971.216,8.0,-0.75,5.12
2026-04-15,16-01-51,1971.226,8.0,-0.75,5.12
2026-04-15,16-01-51,1971.236,8.0,-0.62,5.11
2026-04-15,16-01-51,1971.246,8.0,-0.69,5.11
2026-04-15,16-01-51,1971.256,8.0,-0.69,5.11
2026-04-15,16-01-51,1971.266,8.0,-0.69,5.11
2026-04-15,16-01-51,1971.276,8.0,-0.69,5.11
2026-04-15,16-01-51,1971.286,8.0,-0.75,5.11
2026-04-15,16-01-51,1971.296,8.0,-0.75,5.11
2026-04-15,16-01-51,1971.306,8.0,-0.75,5.11
2026-04-15,16-01-51,1971.316,8.0,-0.69,5.11
2026-04-15,16-01-51,1971.326,8.0,-0.69,5.11
2026-04-15,16-01-51,1971.336,8.0,-0.75,5.11
2026-04-15,16-01-51,1971.346,10.0,-0.69,5.11
2026-04-15,16-01-51,1971.356,10.0,-0.69,5.11
2026-04-15,16-01-51,1971.366,10.0,-0.69,5.11
2026-04-15,16-01-51,1971.376,10.0,-0.75,5.11
2026-04-15,16-01-51,1971.386,10.0,-0.75,5.11
2026-04-15,16-01-51,1971.396,10.0,-0.75,5.11
2026-04-15,16-01-51,1971.406,10.0,-0.75,5.11
2026-04-15,16-01-51,1971.416,10.0,-0.75,5.11
2026-04-15,16-01-51,1971.426,10.0,-0.69,5.11
2026-04-15,16-01-51,1971.436,10.0,-0.62,5.11
2026-04-15,16-01-51,1971.446,10.0,-0.75,5.11
2026-04-15,16-01-51,1971.456,12.0,-0.75,5.11
2026-04-15,16-01-51,1971.466,14.0,-0.75,5.11
2026-04-15,16-01-51,1971.476,22.0,-0.81,5.11
2026-04-15,16-01-51,1971.486,28.0,-0.62,5.11
2026-04-15,16-01-51,1971.496,28.0,-0.62,5.11
2026-04-15,16-01-51,1971.506,28.0,-0.62,5.11
2026-04-15,16-01-51,1971.516,28.0,-0.81,5.11
2026-04-15,16-01-51,1971.526,28.0,-0.69,5.11
2026-04-15,16-01-51,1971.536,28.0,-0.75,5.17
2026-04-15,16-01-51,1971.546,28.0,-0.69,5.17
2026-04-15,16-01-51,1971.556,28.0,-0.69,5.17
2026-04-15,16-01-51,1971.566,28.0,-0.69,5.17
2026-04-15,16-01-51,1971.576,28.0,-0.75,5.17
2026-04-15,16-01-51,1971.586,28.0,-0.75,5.17
2026-04-15,16-01-51,1971.596,28.0,-0.69,5.17
2026-04-15,16-01-51,1971.606,28.0,-0.62,5.17
2026-04-15,16-01-51,1971.616,28.0,-0.75,5.17
2026-04-15,16-01-51,1971.626,28.0,-0.75,5.17
2026-04-15,16-01-51,1971.636,30.0,-0.62,5.12
2026-04-15,16-01-51,1971.646,30.0,-0.75,5.12
2026-04-15,16-01-52,1971.656,30.0,-0.75,5.12
2026-04-15,16-01-52,1971.666,30.0,-0.69,5.12
2026-04-15,16-01-52,1971.676,30.0,-0.75,5.12
2026-04-15,16-01-52,1971.686,30.0,-0.81,5.12
2026-04-15,16-01-52,1971.696,30.0,-0.81,5.12
2026-04-15,16-01-52,1971.706,30.0,-0.69,5.12
2026-04-15,16-01-52,1971.716,30.0,-0.75,5.12
2026-04-15,16-01-52,1971.726,30.0,-0.88,5.12
2026-04-15,16-01-52,1971.736,30.0,-0.69,5.12
2026-04-15,16-01-52,1971.746,30.0,-0.69,5.12
2026-04-15,16-01-52,1971.756,30.0,-0.81,5.12
2026-04-15,16-01-52,1971.766,30.0,-0.75,5.12
2026-04-15,16-01-52,1971.776,30.0,-0.69,5.12
2026-04-15,16-01-52,1971.786,30.0,-0.75,5.12
2026-04-15,16-01-52,1971.796,30.0,-0.75,5.12
2026-04-15,16-01-52,1971.806,30.0,-0.75,5.12
2026-04-15,16-01-52,1971.816,30.0,-0.69,5.12
2026-04-15,16-01-52,1971.826,30.0,-0.75,5.12
2026-04-15,16-01-52,1971.836,30.0,-0.62,5.16
2026-04-15,16-01-52,1971.846,30.0,-0.69,5.16
2026-04-15,16-01-52,1971.856,30.0,-0.69,5.16
2026-04-15,16-01-52,1971.867,30.0,-0.81,5.16
2026-04-15,16-01-52,1971.877,30.0,-0.69,5.16
2026-04-15,16-01-52,1971.887,30.0,-0.81,5.16
2026-04-15,16-01-52,1971.897,30.0,-0.81,5.16
2026-04-15,16-01-52,1971.907,30.0,-0.69,5.16
2026-04-15,16-01-52,1971.917,30.0,-0.69,5.16
2026-04-15,16-01-52,1971.927,30.0,-0.75,5.16
2026-04-15,16-01-52,1971.937,30.0,-0.81,5.14
2026-04-15,16-01-52,1971.947,30.0,-0.75,5.14
2026-04-15,16-01-52,1971.957,30.0,-0.75,5.14
2026-04-15,16-01-52,1971.967,30.0,-0.69,5.14
2026-04-15,16-01-52,1971.977,30.0,-0.69,5.14
2026-04-15,16-01-52,1971.987,30.0,-0.75,5.14
2026-04-15,16-01-52,1971.997,30.0,-0.75,5.14
2026-04-15,16-01-52,1972.007,30.0,-0.69,5.14
2026-04-15,16-01-52,1972.017,30.0,-0.75,5.14
2026-04-15,16-01-52,1972.027,30.0,-0.75,5.14
2026-04-15,16-01-52,1972.037,30.0,-0.81,5.16
2026-04-15,16-01-52,1972.047,30.0,-0.75,5.16
2026-04-15,16-01-52,1972.057,30.0,-0.81,5.16
2026-04-15,16-01-52,1972.069,30.0,-0.81,5.16
2026-04-15,16-01-52,1972.079,30.0,-0.62,5.16
2026-04-15,16-01-52,1972.089,30.0,-0.69,5.16
2026-04-15,16-01-52,1972.099,30.0,-0.69,5.16
2026-04-15,16-01-52,1972.109,30.0,-0.69,5.16
2026-04-15,16-01-52,1972.119,30.0,-0.81,5.16
2026-04-15,16-01-52,1972.129,30.0,-0.81,5.16
2026-04-15,16-01-52,1972.139,30.0,-0.69,5.16
2026-04-15,16-01-52,1972.149,30.0,-0.69,5.16
2026-04-15,16-01-52,1972.159,30.0,-0.69,5.16
2026-04-15,16-01-52,1972.169,30.0,-0.81,5.16
2026-04-15,16-01-52,1972.179,30.0,-0.75,5.16
2026-04-15,16-01-52,1972.189,30.0,-0.62,5.16
2026-04-15,16-01-52,1972.199,30.0,-0.75,5.16
2026-04-15,16-01-52,1972.209,30.0,-0.75,5.16
2026-04-15,16-01-52,1972.219,30.0,-0.69,5.16
2026-04-15,16-01-52,1972.229,30.0,-0.75,5.16
2026-04-15,16-01-52,1972.239,30.0,-0.75,5.17
2026-04-15,16-01-52,1972.249,30.0,-0.75,5.17
2026-04-15,16-01-52,1972.26,30.0,-0.69,5.17
2026-04-15,16-01-52,1972.27,30.0,-0.62,5.17
2026-04-15,16-01-52,1972.28,30.0,-0.75,5.17
2026-04-15,16-01-52,1972.29,30.0,-0.75,5.17
2026-04-15,16-01-52,1972.301,30.0,-0.69,5.17
2026-04-15,16-01-52,1972.311,30.0,-0.75,5.17
2026-04-15,16-01-52,1972.321,32.0,-0.75,5.17
2026-04-15,16-01-52,1972.331,32.0,-0.75,5.17
2026-04-15,16-01-52,1972.341,32.0,-0.69,5.17
2026-04-15,16-01-52,1972.351,32.0,-0.69,5.17
2026-04-15,16-01-52,1972.361,32.0,-0.62,5.17
2026-04-15,16-01-52,1972.371,32.0,-0.75,5.17
2026-04-15,16-01-52,1972.381,32.0,-0.69,5.17
2026-04-15,16-01-52,1972.391,32.0,-0.69,5.17
2026-04-15,16-01-52,1972.401,34.0,-0.75,5.17
2026-04-15,16-01-52,1972.411,34.0,-0.69,5.17
2026-04-15,16-01-52,1972.421,34.0,-0.75,5.17
2026-04-15,16-01-52,1972.431,34.0,-0.75,5.17
2026-04-15,16-01-52,1972.441,34.0,-0.81,5.17
2026-04-15,16-01-52,1972.451,34.0,-0.81,5.17
2026-04-15,16-01-52,1972.461,34.0,-0.69,5.17
2026-04-15,16-01-52,1972.471,34.0,-0.69,5.17
2026-04-15,16-01-52,1972.481,34.0,-0.81,5.17
2026-04-15,16-01-52,1972.491,34.0,-0.69,5.17
2026-04-15,16-01-52,1972.501,34.0,-0.62,5.17
2026-04-15,16-01-52,1972.512,34.0,-0.69,5.17
2026-04-15,16-01-52,1972.522,34.0,-0.62,5.17
2026-04-15,16-01-52,1972.532,34.0,-0.62,5.17
2026-04-15,16-01-52,1972.542,34.0,-0.81,5.20
2026-04-15,16-01-52,1972.552,34.0,-0.81,5.20
2026-04-15,16-01-52,1972.562,34.0,-0.75,5.20
2026-04-15,16-01-52,1972.572,34.0,-0.69,5.20
2026-04-15,16-01-52,1972.582,34.0,-0.75,5.20
2026-04-15,16-01-52,1972.592,34.0,-0.75,5.20
2026-04-15,16-01-52,1972.602,34.0,-0.75,5.20
2026-04-15,16-01-52,1972.612,34.0,-0.69,5.20
2026-04-15,16-01-52,1972.622,34.0,-0.75,5.20
2026-04-15,16-01-52,1972.632,34.0,-0.69,5.19
2026-04-15,16-01-52,1972.643,34.0,-0.69,5.19
2026-04-15,16-01-53,1972.653,34.0,-0.62,5.19
2026-04-15,16-01-53,1972.663,34.0,-0.69,5.19
2026-04-15,16-01-53,1972.673,34.0,-0.69,5.19
2026-04-15,16-01-53,1972.683,34.0,-0.81,5.19
2026-04-15,16-01-53,1972.693,34.0,-0.69,5.19
2026-04-15,16-01-53,1972.703,34.0,-0.69,5.19
2026-04-15,16-01-53,1972.713,34.0,-0.69,5.19
2026-04-15,16-01-53,1972.723,34.0,-0.69,5.19
2026-04-15,16-01-53,1972.733,34.0,-0.75,5.20
2026-04-15,16-01-53,1972.743,34.0,-0.81,5.20
2026-04-15,16-01-53,1972.753,34.0,-0.69,5.20
2026-04-15,16-01-53,1972.763,34.0,-0.75,5.20
2026-04-15,16-01-53,1972.773,34.0,-0.69,5.20
2026-04-15,16-01-53,1972.783,34.0,-0.75,5.20
2026-04-15,16-01-53,1972.793,34.0,-0.75,5.20
2026-04-15,16-01-53,1972.804,34.0,-0.69,5.20
2026-04-15,16-01-53,1972.813,34.0,-0.69,5.20
2026-04-15,16-01-53,1972.823,34.0,-0.69,5.20
2026-04-15,16-01-53,1972.833,34.0,-0.69,5.20
2026-04-15,16-01-53,1972.843,34.0,-0.75,5.20
2026-04-15,16-01-53,1972.853,34.0,-0.69,5.20
2026-04-15,16-01-53,1972.863,34.0,-0.75,5.20
2026-04-15,16-01-53,1972.873,34.0,-0.75,5.20
2026-04-15,16-01-53,1972.883,34.0,-0.69,5.20
2026-04-15,16-01-53,1972.893,34.0,-0.75,5.20
2026-04-15,16-01-53,1972.903,34.0,-0.69,5.20
2026-04-15,16-01-53,1972.913,34.0,-0.69,5.20
2026-04-15,16-01-53,1972.923,34.0,-0.69,5.20
2026-04-15,16-01-53,1972.933,34.0,-0.75,5.23
2026-04-15,16-01-53,1972.943,34.0,-0.75,5.23
2026-04-15,16-01-53,1972.953,34.0,-0.69,5.23
2026-04-15,16-01-53,1972.963,34.0,-0.69,5.23
2026-04-15,16-01-53,1972.973,34.0,-0.75,5.23
2026-04-15,16-01-53,1972.983,34.0,-0.75,5.23
2026-04-15,16-01-53,1972.993,34.0,-0.69,5.23
2026-04-15,16-01-53,1973.004,34.0,-0.69,5.23
2026-04-15,16-01-53,1973.015,34.0,-0.75,5.23
2026-04-15,16-01-53,1973.025,34.0,-0.75,5.23
2026-04-15,16-01-53,1973.036,34.0,-0.75,5.20
2026-04-15,16-01-53,1973.046,34.0,-0.75,5.20
2026-04-15,16-01-53,1973.057,34.0,-0.69,5.20
2026-04-15,16-01-53,1973.067,34.0,-0.69,5.20
2026-04-15,16-01-53,1973.077,34.0,-0.69,5.20
2026-04-15,16-01-53,1973.087,34.0,-0.75,5.20
2026-04-15,16-01-53,1973.097,34.0,-0.75,5.20
2026-04-15,16-01-53,1973.107,34.0,-0.69,5.20
2026-04-15,16-01-53,1973.117,34.0,-0.75,5.20
2026-04-15,16-01-53,1973.127,34.0,-0.75,5.20
2026-04-15,16-01-53,1973.137,34.0,-0.69,5.22
2026-04-15,16-01-53,1973.147,34.0,-0.69,5.22
2026-04-15,16-01-53,1973.157,34.0,-0.75,5.22
2026-04-15,16-01-53,1973.167,34.0,-0.75,5.22
2026-04-15,16-01-53,1973.177,34.0,-0.62,5.22
2026-04-15,16-01-53,1973.187,34.0,-0.69,5.22
2026-04-15,16-01-53,1973.197,34.0,-0.69,5.22
2026-04-15,16-01-53,1973.207,34.0,-0.75,5.22
2026-04-15,16-01-53,1973.217,34.0,-0.75,5.22
2026-04-15,16-01-53,1973.227,34.0,-0.69,5.22
2026-04-15,16-01-53,1973.238,34.0,-0.69,5.25
2026-04-15,16-01-53,1973.248,34.0,-0.75,5.25
2026-04-15,16-01-53,1973.258,34.0,-0.81,5.25
2026-04-15,16-01-53,1973.268,34.0,-0.69,5.25
2026-04-15,16-01-53,1973.278,34.0,-0.75,5.25
2026-04-15,16-01-53,1973.288,34.0,-0.69,5.25
2026-04-15,16-01-53,1973.298,34.0,-0.75,5.25
2026-04-15,16-01-53,1973.308,34.0,-0.81,5.25
2026-04-15,16-01-53,1973.318,34.0,-0.69,5.25
2026-04-15,16-01-53,1973.328,34.0,-0.69,5.25
2026-04-15,16-01-53,1973.338,34.0,-0.62,5.25
2026-04-15,16-01-53,1973.348,34.0,-0.75,5.25
2026-04-15,16-01-53,1973.358,34.0,-0.75,5.25
2026-04-15,16-01-53,1973.368,34.0,-0.75,5.25
2026-04-15,16-01-53,1973.378,34.0,-0.69,5.25
2026-04-15,16-01-53,1973.388,34.0,-0.69,5.25
2026-04-15,16-01-53,1973.398,34.0,-0.69,5.25
2026-04-15,16-01-53,1973.408,34.0,-0.75,5.25
2026-04-15,16-01-53,1973.418,34.0,-0.69,5.25
2026-04-15,16-01-53,1973.428,34.0,-0.69,5.27
2026-04-15,16-01-53,1973.438,34.0,-0.75,5.27
2026-04-15,16-01-53,1973.448,34.0,-0.75,5.27
2026-04-15,16-01-53,1973.458,34.0,-0.69,5.27
2026-04-15,16-01-53,1973.468,34.0,-0.75,5.27
2026-04-15,16-01-53,1973.478,34.0,-0.75,5.27
2026-04-15,16-01-53,1973.488,34.0,-0.75,5.27
2026-04-15,16-01-53,1973.498,34.0,-0.75,5.27
2026-04-15,16-01-53,1973.508,34.0,-0.75,5.27
2026-04-15,16-01-53,1973.518,34.0,-0.69,5.27
2026-04-15,16-01-53,1973.529,34.0,-0.75,5.27
2026-04-15,16-01-53,1973.539,34.0,-0.75,5.28
2026-04-15,16-01-53,1973.549,34.0,-0.69,5.28
2026-04-15,16-01-53,1973.559,34.0,-0.81,5.28
2026-04-15,16-01-53,1973.569,34.0,-0.69,5.28
2026-04-15,16-01-53,1973.579,34.0,-0.69,5.28
2026-04-15,16-01-53,1973.589,34.0,-0.69,5.28
2026-04-15,16-01-53,1973.599,34.0,-0.69,5.28
2026-04-15,16-01-53,1973.609,34.0,-0.69,5.28
2026-04-15,16-01-53,1973.62,34.0,-0.69,5.28
2026-04-15,16-01-53,1973.63,34.0,-0.69,5.28
2026-04-15,16-01-53,1973.64,34.0,-0.81,5.30
2026-04-15,16-01-54,1973.65,34.0,-0.69,5.30
2026-04-15,16-01-54,1973.66,34.0,-0.81,5.30
2026-04-15,16-01-54,1973.67,34.0,-0.69,5.30
2026-04-15,16-01-54,1973.68,34.0,-0.75,5.30
2026-04-15,16-01-54,1973.69,34.0,-0.69,5.30
2026-04-15,16-01-54,1973.7,34.0,-0.69,5.30
2026-04-15,16-01-54,1973.71,34.0,-0.62,5.30
2026-04-15,16-01-54,1973.721,34.0,-0.75,5.30
2026-04-15,16-01-54,1973.731,34.0,-0.75,5.30
2026-04-15,16-01-54,1973.742,34.0,-0.75,5.28
2026-04-15,16-01-54,1973.752,34.0,-0.69,5.28
2026-04-15,16-01-54,1973.762,34.0,-0.69,5.28
2026-04-15,16-01-54,1973.772,34.0,-0.69,5.28
2026-04-15,16-01-54,1973.782,34.0,-0.75,5.28
2026-04-15,16-01-54,1973.792,34.0,-0.69,5.28
2026-04-15,16-01-54,1973.802,34.0,-0.69,5.28
2026-04-15,16-01-54,1973.812,34.0,-0.75,5.28
2026-04-15,16-01-54,1973.822,34.0,-0.75,5.28
2026-04-15,16-01-54,1973.832,34.0,-0.69,5.30
2026-04-15,16-01-54,1973.842,34.0,-0.69,5.30
2026-04-15,16-01-54,1973.852,34.0,-0.62,5.30
2026-04-15,16-01-54,1973.862,34.0,-0.69,5.30
2026-04-15,16-01-54,1973.872,34.0,-0.69,5.30
2026-04-15,16-01-54,1973.882,34.0,-0.75,5.30
2026-04-15,16-01-54,1973.892,34.0,-0.75,5.30
2026-04-15,16-01-54,1973.902,34.0,-0.69,5.30
2026-04-15,16-01-54,1973.912,34.0,-0.75,5.30
2026-04-15,16-01-54,1973.922,34.0,-0.81,5.30
2026-04-15,16-01-54,1973.932,34.0,-0.69,5.30
2026-04-15,16-01-54,1973.942,34.0,-0.69,5.30
2026-04-15,16-01-54,1973.952,34.0,-0.75,5.30
2026-04-15,16-01-54,1973.962,34.0,-0.75,5.30
2026-04-15,16-01-54,1973.972,34.0,-0.69,5.30
2026-04-15,16-01-54,1973.982,34.0,-0.69,5.30
2026-04-15,16-01-54,1973.992,34.0,-0.69,5.30
2026-04-15,16-01-54,1974.002,34.0,-0.69,5.30
2026-04-15,16-01-54,1974.012,34.0,-0.75,5.30
2026-04-15,16-01-54,1974.022,34.0,-0.69,5.30
2026-04-15,16-01-54,1974.032,34.0,-0.69,5.30
2026-04-15,16-01-54,1974.042,34.0,-0.69,5.31
2026-04-15,16-01-54,1974.052,34.0,-0.81,5.31
2026-04-15,16-01-54,1974.062,34.0,-0.81,5.31
2026-04-15,16-01-54,1974.072,34.0,-0.75,5.31
2026-04-15,16-01-54,1974.082,34.0,-0.62,5.31
2026-04-15,16-01-54,1974.092,34.0,-0.69,5.31
2026-04-15,16-01-54,1974.102,34.0,-0.75,5.31
2026-04-15,16-01-54,1974.112,34.0,-0.75,5.31
2026-04-15,16-01-54,1974.122,34.0,-0.69,5.31
2026-04-15,16-01-54,1974.132,34.0,-0.75,5.31
2026-04-15,16-01-54,1974.142,34.0,-0.62,5.30
2026-04-15,16-01-54,1974.152,34.0,-0.69,5.30
2026-04-15,16-01-54,1974.162,34.0,-0.75,5.30
2026-04-15,16-01-54,1974.172,34.0,-0.69,5.30
2026-04-15,16-01-54,1974.182,34.0,-0.69,5.30
2026-04-15,16-01-54,1974.192,34.0,-0.75,5.30
2026-04-15,16-01-54,1974.202,36.0,-0.69,5.30
2026-04-15,16-01-54,1974.212,36.0,-0.75,5.30
2026-04-15,16-01-54,1974.222,36.0,-0.75,5.30
2026-04-15,16-01-54,1974.232,36.0,-0.75,5.33
2026-04-15,16-01-54,1974.242,36.0,-0.75,5.33
2026-04-15,16-01-54,1974.252,36.0,-0.69,5.33
2026-04-15,16-01-54,1974.262,36.0,-0.69,5.33
2026-04-15,16-01-54,1974.272,36.0,-0.69,5.33
2026-04-15,16-01-54,1974.282,36.0,-0.75,5.33
2026-04-15,16-01-54,1974.292,36.0,-0.81,5.33
2026-04-15,16-01-54,1974.302,36.0,-0.69,5.33
2026-04-15,16-01-54,1974.312,36.0,-0.69,5.33
2026-04-15,16-01-54,1974.322,36.0,-0.81,5.33
2026-04-15,16-01-54,1974.332,36.0,-0.75,5.31
2026-04-15,16-01-54,1974.342,36.0,-0.75,5.31
2026-04-15,16-01-54,1974.352,36.0,-0.81,5.31
2026-04-15,16-01-54,1974.362,36.0,-0.75,5.31
2026-04-15,16-01-54,1974.372,36.0,-0.69,5.31
2026-04-15,16-01-54,1974.382,36.0,-0.75,5.31
2026-04-15,16-01-54,1974.392,36.0,-0.69,5.31
2026-04-15,16-01-54,1974.402,36.0,-0.62,5.31
2026-04-15,16-01-54,1974.412,36.0,-0.69,5.31
2026-04-15,16-01-54,1974.422,36.0,-0.62,5.31
2026-04-15,16-01-54,1974.432,36.0,-0.69,5.33
2026-04-15,16-01-54,1974.442,36.0,-0.75,5.33
2026-04-15,16-01-54,1974.452,36.0,-0.69,5.33
2026-04-15,16-01-54,1974.462,36.0,-0.69,5.33
2026-04-15,16-01-54,1974.472,36.0,-0.69,5.33
2026-04-15,16-01-54,1974.482,36.0,-0.69,5.33
2026-04-15,16-01-54,1974.492,36.0,-0.75,5.33
2026-04-15,16-01-54,1974.502,36.0,-0.62,5.33
2026-04-15,16-01-54,1974.512,36.0,-0.75,5.33
2026-04-15,16-01-54,1974.522,36.0,-0.75,5.33
2026-04-15,16-01-54,1974.532,36.0,-0.75,5.33
2026-04-15,16-01-54,1974.542,36.0,-0.62,5.33
2026-04-15,16-01-54,1974.552,36.0,-0.62,5.33
2026-04-15,16-01-54,1974.562,36.0,-0.75,5.33
2026-04-15,16-01-54,1974.572,36.0,-0.69,5.33
2026-04-15,16-01-54,1974.582,36.0,-0.75,5.33
2026-04-15,16-01-54,1974.592,36.0,-0.69,5.33
2026-04-15,16-01-54,1974.603,36.0,-0.81,5.33
2026-04-15,16-01-54,1974.613,36.0,-0.75,5.33
2026-04-15,16-01-54,1974.623,36.0,-0.81,5.33
2026-04-15,16-01-54,1974.633,36.0,-0.69,5.33
2026-04-15,16-01-54,1974.643,36.0,-0.75,5.34
2026-04-15,16-01-55,1974.653,36.0,-0.75,5.34
2026-04-15,16-01-55,1974.664,36.0,-0.75,5.34
2026-04-15,16-01-55,1974.674,36.0,-0.75,5.34
2026-04-15,16-01-55,1974.684,36.0,-0.69,5.34
2026-04-15,16-01-55,1974.694,36.0,-0.69,5.34
2026-04-15,16-01-55,1974.704,36.0,-0.69,5.34
2026-04-15,16-01-55,1974.714,36.0,-0.69,5.34
2026-04-15,16-01-55,1974.724,36.0,-0.75,5.34
2026-04-15,16-01-55,1974.734,36.0,-0.69,5.34
2026-04-15,16-01-55,1974.744,36.0,-0.69,5.34
2026-04-15,16-01-55,1974.754,36.0,-0.69,5.34
2026-04-15,16-01-55,1974.764,36.0,-0.75,5.34
2026-04-15,16-01-55,1974.774,36.0,-0.69,5.34
2026-04-15,16-01-55,1974.784,36.0,-0.69,5.34
2026-04-15,16-01-55,1974.794,36.0,-0.75,5.34
2026-04-15,16-01-55,1974.804,36.0,-0.75,5.34
2026-04-15,16-01-55,1974.814,36.0,-0.75,5.34
2026-04-15,16-01-55,1974.824,36.0,-0.75,5.34
2026-04-15,16-01-55,1974.834,36.0,-0.69,5.38
2026-04-15,16-01-55,1974.844,36.0,-0.62,5.38
2026-04-15,16-01-55,1974.854,36.0,-0.62,5.38
2026-04-15,16-01-55,1974.864,36.0,-0.69,5.38
2026-04-15,16-01-55,1974.874,36.0,-0.62,5.38
2026-04-15,16-01-55,1974.885,36.0,-0.69,5.38
2026-04-15,16-01-55,1974.895,36.0,-0.75,5.38
2026-04-15,16-01-55,1974.905,36.0,-0.69,5.38
2026-04-15,16-01-55,1974.915,36.0,-0.69,5.38
2026-04-15,16-01-55,1974.925,36.0,-0.75,5.38
2026-04-15,16-01-55,1974.935,36.0,-0.69,5.39
2026-04-15,16-01-55,1974.945,36.0,-0.75,5.39
2026-04-15,16-01-55,1974.955,36.0,-0.69,5.39
2026-04-15,16-01-55,1974.965,36.0,-0.62,5.39
2026-04-15,16-01-55,1974.976,36.0,-0.69,5.39
2026-04-15,16-01-55,1974.986,36.0,-0.69,5.39
2026-04-15,16-01-55,1974.996,36.0,-0.75,5.39
2026-04-15,16-01-55,1975.006,36.0,-0.69,5.39
2026-04-15,16-01-55,1975.016,36.0,-0.69,5.39
2026-04-15,16-01-55,1975.026,36.0,-0.62,5.39
2026-04-15,16-01-55,1975.036,36.0,-0.75,5.38
2026-04-15,16-01-55,1975.046,36.0,-0.75,5.38
2026-04-15,16-01-55,1975.056,36.0,-0.75,5.38
2026-04-15,16-01-55,1975.066,36.0,-0.75,5.38
2026-04-15,16-01-55,1975.076,36.0,-0.75,5.38
2026-04-15,16-01-55,1975.086,36.0,-0.69,5.38
2026-04-15,16-01-55,1975.096,36.0,-0.69,5.38
2026-04-15,16-01-55,1975.106,36.0,-0.69,5.38
2026-04-15,16-01-55,1975.116,36.0,-0.75,5.38
2026-04-15,16-01-55,1975.126,36.0,-0.69,5.38
2026-04-15,16-01-55,1975.137,36.0,-0.69,5.39
2026-04-15,16-01-55,1975.147,36.0,-0.69,5.39
2026-04-15,16-01-55,1975.158,36.0,-0.81,5.39
2026-04-15,16-01-55,1975.169,36.0,-0.69,5.39
2026-04-15,16-01-55,1975.179,36.0,-0.62,5.39
2026-04-15,16-01-55,1975.189,36.0,-0.69,5.39
2026-04-15,16-01-55,1975.2,36.0,-0.69,5.39
2026-04-15,16-01-55,1975.21,36.0,-0.69,5.39
2026-04-15,16-01-55,1975.22,36.0,-0.69,5.39
2026-04-15,16-01-55,1975.23,36.0,-0.69,5.39
2026-04-15,16-01-55,1975.24,36.0,-0.75,5.44
2026-04-15,16-01-55,1975.25,36.0,-0.69,5.44
2026-04-15,16-01-55,1975.26,36.0,-0.75,5.44
2026-04-15,16-01-55,1975.27,36.0,-0.69,5.44
2026-04-15,16-01-55,1975.282,36.0,-0.69,5.44
2026-04-15,16-01-55,1975.292,36.0,-0.69,5.44
2026-04-15,16-01-55,1975.302,36.0,-0.69,5.44
2026-04-15,16-01-55,1975.312,36.0,-0.75,5.44
2026-04-15,16-01-55,1975.322,36.0,-0.75,5.44
2026-04-15,16-01-55,1975.332,36.0,-0.75,5.44
2026-04-15,16-01-55,1975.342,36.0,-0.75,5.42
2026-04-15,16-01-55,1975.352,36.0,-0.75,5.42
2026-04-15,16-01-55,1975.362,36.0,-0.69,5.42
2026-04-15,16-01-55,1975.372,36.0,-0.75,5.42
2026-04-15,16-01-55,1975.382,36.0,-0.69,5.42
2026-04-15,16-01-55,1975.392,36.0,-0.75,5.42
2026-04-15,16-01-55,1975.402,36.0,-0.69,5.42
2026-04-15,16-01-55,1975.412,36.0,-0.69,5.42
2026-04-15,16-01-55,1975.422,36.0,-0.69,5.42
2026-04-15,16-01-55,1975.433,36.0,-0.75,5.41
2026-04-15,16-01-55,1975.443,36.0,-0.75,5.41
2026-04-15,16-01-55,1975.453,36.0,-0.69,5.41
2026-04-15,16-01-55,1975.464,36.0,-0.62,5.41
2026-04-15,16-01-55,1975.474,36.0,-0.75,5.41
2026-04-15,16-01-55,1975.484,36.0,-0.75,5.41
2026-04-15,16-01-55,1975.494,36.0,-0.69,5.41
2026-04-15,16-01-55,1975.504,36.0,-0.75,5.41
2026-04-15,16-01-55,1975.514,36.0,-0.69,5.41
2026-04-15,16-01-55,1975.524,36.0,-0.69,5.41
2026-04-15,16-01-55,1975.534,36.0,-0.69,5.41
2026-04-15,16-01-55,1975.544,36.0,-0.75,5.41
2026-04-15,16-01-55,1975.554,36.0,-0.69,5.41
2026-04-15,16-01-55,1975.564,36.0,-0.69,5.41
2026-04-15,16-01-55,1975.574,36.0,-0.69,5.41
2026-04-15,16-01-55,1975.584,36.0,-0.75,5.41
2026-04-15,16-01-55,1975.594,36.0,-0.75,5.41
2026-04-15,16-01-55,1975.604,36.0,-0.75,5.41
2026-04-15,16-01-55,1975.614,36.0,-0.69,5.41
2026-04-15,16-01-55,1975.624,36.0,-0.62,5.41
2026-04-15,16-01-55,1975.634,36.0,-0.69,5.48
2026-04-15,16-01-55,1975.644,36.0,-0.69,5.48
2026-04-15,16-01-56,1975.654,36.0,-0.69,5.48
2026-04-15,16-01-56,1975.664,36.0,-0.62,5.48
2026-04-15,16-01-56,1975.675,36.0,-0.69,5.48
2026-04-15,16-01-56,1975.685,36.0,-0.69,5.48
2026-04-15,16-01-56,1975.695,36.0,-0.69,5.48
2026-04-15,16-01-56,1975.705,36.0,-0.69,5.48
2026-04-15,16-01-56,1975.715,36.0,-0.69,5.48
2026-04-15,16-01-56,1975.725,36.0,-0.69,5.48
2026-04-15,16-01-56,1975.735,36.0,-0.69,5.45
2026-04-15,16-01-56,1975.745,36.0,-0.75,5.45
2026-04-15,16-01-56,1975.755,36.0,-0.69,5.45
2026-04-15,16-01-56,1975.765,36.0,-0.62,5.45
2026-04-15,16-01-56,1975.775,36.0,-0.62,5.45
2026-04-15,16-01-56,1975.785,36.0,-0.69,5.45
2026-04-15,16-01-56,1975.795,36.0,-0.75,5.45
2026-04-15,16-01-56,1975.805,36.0,-0.69,5.45
2026-04-15,16-01-56,1975.815,36.0,-0.69,5.45
2026-04-15,16-01-56,1975.825,36.0,-0.56,5.45
2026-04-15,16-01-56,1975.835,36.0,-0.62,5.48
2026-04-15,16-01-56,1975.845,36.0,-0.69,5.48
2026-04-15,16-01-56,1975.855,36.0,-0.69,5.48
2026-04-15,16-01-56,1975.865,36.0,-0.69,5.48
2026-04-15,16-01-56,1975.876,36.0,-0.62,5.48
2026-04-15,16-01-56,1975.886,36.0,-0.69,5.48
2026-04-15,16-01-56,1975.896,36.0,-0.69,5.48
2026-04-15,16-01-56,1975.906,36.0,-0.69,5.48
2026-04-15,16-01-56,1975.916,36.0,-0.62,5.48
2026-04-15,16-01-56,1975.926,36.0,-0.75,5.48
2026-04-15,16-01-56,1975.936,36.0,-0.62,5.48
2026-04-15,16-01-56,1975.946,36.0,-0.62,5.48
2026-04-15,16-01-56,1975.956,36.0,-0.62,5.48
2026-04-15,16-01-56,1975.966,36.0,-0.69,5.48
2026-04-15,16-01-56,1975.976,36.0,-0.62,5.48
2026-04-15,16-01-56,1975.986,36.0,-0.69,5.48
2026-04-15,16-01-56,1975.996,36.0,-0.69,5.48
2026-04-15,16-01-56,1976.006,36.0,-0.69,5.48
2026-04-15,16-01-56,1976.016,36.0,-0.69,5.48
2026-04-15,16-01-56,1976.026,36.0,-0.69,5.48
2026-04-15,16-01-56,1976.036,36.0,-0.62,5.52
2026-04-15,16-01-56,1976.046,36.0,-0.62,5.52
2026-04-15,16-01-56,1976.056,36.0,-0.69,5.52
2026-04-15,16-01-56,1976.066,36.0,-0.75,5.52
2026-04-15,16-01-56,1976.076,36.0,-0.75,5.52
2026-04-15,16-01-56,1976.086,36.0,-0.75,5.52
2026-04-15,16-01-56,1976.096,36.0,-0.75,5.52
2026-04-15,16-01-56,1976.106,36.0,-0.75,5.52
2026-04-15,16-01-56,1976.116,36.0,-0.75,5.52
2026-04-15,16-01-56,1976.126,36.0,-0.75,5.52
2026-04-15,16-01-56,1976.137,36.0,-0.69,5.55
2026-04-15,16-01-56,1976.148,36.0,-0.81,5.55
2026-04-15,16-01-56,1976.158,36.0,-0.75,5.55
2026-04-15,16-01-56,1976.168,36.0,-0.69,5.55
2026-04-15,16-01-56,1976.178,36.0,-0.75,5.55
2026-04-15,16-01-56,1976.188,36.0,-0.69,5.55
2026-04-15,16-01-56,1976.198,36.0,-0.62,5.55
2026-04-15,16-01-56,1976.208,36.0,-0.62,5.55
2026-04-15,16-01-56,1976.218,36.0,-0.69,5.55
2026-04-15,16-01-56,1976.228,36.0,-0.62,5.55
2026-04-15,16-01-56,1976.239,36.0,-0.69,5.53
2026-04-15,16-01-56,1976.249,36.0,-0.69,5.53
2026-04-15,16-01-56,1976.259,36.0,-0.69,5.53
2026-04-15,16-01-56,1976.269,36.0,-0.75,5.53
2026-04-15,16-01-56,1976.279,36.0,-0.69,5.53
2026-04-15,16-01-56,1976.289,36.0,-0.69,5.53
2026-04-15,16-01-56,1976.299,36.0,-0.62,5.53
2026-04-15,16-01-56,1976.309,36.0,-0.69,5.53
2026-04-15,16-01-56,1976.319,36.0,-0.69,5.53
2026-04-15,16-01-56,1976.329,36.0,-0.69,5.53
2026-04-15,16-01-56,1976.339,36.0,-0.62,5.56
2026-04-15,16-01-56,1976.349,36.0,-0.69,5.56
2026-04-15,16-01-56,1976.359,36.0,-0.69,5.56
2026-04-15,16-01-56,1976.369,36.0,-0.75,5.56
2026-04-15,16-01-56,1976.379,36.0,-0.69,5.56
2026-04-15,16-01-56,1976.389,36.0,-0.69,5.56
2026-04-15,16-01-56,1976.399,36.0,-0.69,5.56
2026-04-15,16-01-56,1976.409,36.0,-0.69,5.56
2026-04-15,16-01-56,1976.419,36.0,-0.69,5.56
2026-04-15,16-01-56,1976.429,36.0,-0.69,5.56
2026-04-15,16-01-56,1976.439,36.0,-0.69,5.56
2026-04-15,16-01-56,1976.449,36.0,-0.69,5.56
2026-04-15,16-01-56,1976.459,36.0,-0.69,5.56
2026-04-15,16-01-56,1976.469,36.0,-0.81,5.56
2026-04-15,16-01-56,1976.479,36.0,-0.69,5.56
2026-04-15,16-01-56,1976.49,36.0,-0.69,5.56
2026-04-15,16-01-56,1976.501,36.0,-0.75,5.56
2026-04-15,16-01-56,1976.511,36.0,-0.75,5.56
2026-04-15,16-01-56,1976.521,36.0,-0.62,5.56
2026-04-15,16-01-56,1976.531,36.0,-0.69,5.56
2026-04-15,16-01-56,1976.542,36.0,-0.75,5.58
2026-04-15,16-01-56,1976.552,36.0,-0.69,5.58
2026-04-15,16-01-56,1976.562,36.0,-0.69,5.58
2026-04-15,16-01-56,1976.572,36.0,-0.81,5.58
2026-04-15,16-01-56,1976.582,36.0,-0.75,5.58
2026-04-15,16-01-56,1976.592,36.0,-0.69,5.58
2026-04-15,16-01-56,1976.602,36.0,-0.69,5.58
2026-04-15,16-01-56,1976.612,36.0,-0.81,5.58
2026-04-15,16-01-56,1976.622,36.0,-0.81,5.58
2026-04-15,16-01-56,1976.632,36.0,-0.75,5.58
2026-04-15,16-01-56,1976.642,36.0,-0.69,5.58
2026-04-15,16-01-57,1976.652,36.0,-0.69,5.58
2026-04-15,16-01-57,1976.662,36.0,-0.69,5.58
2026-04-15,16-01-57,1976.672,36.0,-0.75,5.58
2026-04-15,16-01-57,1976.682,36.0,-0.75,5.58
2026-04-15,16-01-57,1976.692,36.0,-0.69,5.58
2026-04-15,16-01-57,1976.702,36.0,-0.69,5.58
2026-04-15,16-01-57,1976.712,36.0,-0.69,5.58
2026-04-15,16-01-57,1976.722,36.0,-0.69,5.58
2026-04-15,16-01-57,1976.732,36.0,-0.69,5.58
2026-04-15,16-01-57,1976.742,36.0,-0.62,5.58
2026-04-15,16-01-57,1976.752,36.0,-0.62,5.58
2026-04-15,16-01-57,1976.762,36.0,-0.62,5.58
2026-04-15,16-01-57,1976.772,36.0,-0.75,5.58
2026-04-15,16-01-57,1976.782,36.0,-0.75,5.58
2026-04-15,16-01-57,1976.792,36.0,-0.69,5.58
2026-04-15,16-01-57,1976.802,36.0,-0.69,5.58
2026-04-15,16-01-57,1976.812,36.0,-0.81,5.58
2026-04-15,16-01-57,1976.823,36.0,-0.75,5.58
2026-04-15,16-01-57,1976.833,36.0,-0.69,5.59
2026-04-15,16-01-57,1976.844,36.0,-0.75,5.59
2026-04-15,16-01-57,1976.854,36.0,-0.75,5.59
2026-04-15,16-01-57,1976.864,36.0,-0.69,5.59
2026-04-15,16-01-57,1976.874,36.0,-0.69,5.59
2026-04-15,16-01-57,1976.884,36.0,-0.69,5.59
2026-04-15,16-01-57,1976.894,36.0,-0.81,5.59
2026-04-15,16-01-57,1976.904,36.0,-0.75,5.59
2026-04-15,16-01-57,1976.914,36.0,-0.75,5.59
2026-04-15,16-01-57,1976.924,36.0,-0.75,5.59
2026-04-15,16-01-57,1976.934,36.0,-0.62,5.61
2026-04-15,16-01-57,1976.944,36.0,-0.75,5.61
2026-04-15,16-01-57,1976.954,36.0,-0.75,5.61
2026-04-15,16-01-57,1976.964,36.0,-0.69,5.61
2026-04-15,16-01-57,1976.974,36.0,-0.69,5.61
2026-04-15,16-01-57,1976.984,36.0,-0.69,5.61
2026-04-15,16-01-57,1976.995,36.0,-0.69,5.61
2026-04-15,16-01-57,1977.005,36.0,-0.69,5.61
2026-04-15,16-01-57,1977.015,36.0,-0.62,5.61
2026-04-15,16-01-57,1977.025,36.0,-0.62,5.61
2026-04-15,16-01-57,1977.035,36.0,-0.75,5.61
2026-04-15,16-01-57,1977.045,36.0,-0.69,5.61
2026-04-15,16-01-57,1977.055,36.0,-0.69,5.61
2026-04-15,16-01-57,1977.065,36.0,-0.75,5.61
2026-04-15,16-01-57,1977.075,36.0,-0.75,5.61
2026-04-15,16-01-57,1977.086,36.0,-0.75,5.61
2026-04-15,16-01-57,1977.097,36.0,-0.69,5.61
2026-04-15,16-01-57,1977.107,36.0,-0.69,5.61
2026-04-15,16-01-57,1977.117,36.0,-0.69,5.61
2026-04-15,16-01-57,1977.127,36.0,-0.69,5.61
2026-04-15,16-01-57,1977.137,36.0,-0.75,5.62
2026-04-15,16-01-57,1977.147,36.0,-0.75,5.62
2026-04-15,16-01-57,1977.158,36.0,-0.75,5.62
2026-04-15,16-01-57,1977.168,36.0,-0.69,5.62
2026-04-15,16-01-57,1977.178,36.0,-0.69,5.62
2026-04-15,16-01-57,1977.188,36.0,-0.75,5.62
2026-04-15,16-01-57,1977.198,36.0,-0.81,5.62
2026-04-15,16-01-57,1977.208,36.0,-0.69,5.62
2026-04-15,16-01-57,1977.219,36.0,-0.69,5.62
2026-04-15,16-01-57,1977.229,36.0,-0.75,5.62
2026-04-15,16-01-57,1977.239,36.0,-0.69,5.64
2026-04-15,16-01-57,1977.249,36.0,-0.75,5.64
2026-04-15,16-01-57,1977.259,36.0,-0.75,5.64
2026-04-15,16-01-57,1977.269,36.0,-0.69,5.64
2026-04-15,16-01-57,1977.279,36.0,-0.75,5.64
2026-04-15,16-01-57,1977.289,36.0,-0.75,5.64
2026-04-15,16-01-57,1977.299,36.0,-0.75,5.64
2026-04-15,16-01-57,1977.309,36.0,-0.69,5.64
2026-04-15,16-01-57,1977.319,36.0,-0.69,5.64
2026-04-15,16-01-57,1977.329,36.0,-0.75,5.64
2026-04-15,16-01-57,1977.339,36.0,-0.81,5.64
2026-04-15,16-01-57,1977.349,36.0,-0.81,5.64
2026-04-15,16-01-57,1977.359,36.0,-0.75,5.64
2026-04-15,16-01-57,1977.369,36.0,-0.69,5.64
2026-04-15,16-01-57,1977.379,36.0,-0.69,5.64
2026-04-15,16-01-57,1977.389,36.0,-0.69,5.64
2026-04-15,16-01-57,1977.399,36.0,-0.69,5.64
2026-04-15,16-01-57,1977.409,36.0,-0.75,5.64
2026-04-15,16-01-57,1977.419,36.0,-0.75,5.64
2026-04-15,16-01-57,1977.429,36.0,-0.75,5.64
2026-04-15,16-01-57,1977.439,36.0,-0.69,5.70
2026-04-15,16-01-57,1977.449,36.0,-0.75,5.70
2026-04-15,16-01-57,1977.459,36.0,-0.75,5.70
2026-04-15,16-01-57,1977.469,36.0,-0.69,5.70
2026-04-15,16-01-57,1977.479,36.0,-0.69,5.70
2026-04-15,16-01-57,1977.49,36.0,-0.69,5.70
2026-04-15,16-01-57,1977.5,36.0,-0.69,5.70
2026-04-15,16-01-57,1977.51,36.0,-0.75,5.70
2026-04-15,16-01-57,1977.52,36.0,-0.75,5.70
2026-04-15,16-01-57,1977.53,36.0,-0.69,5.70
2026-04-15,16-01-57,1977.54,36.0,-0.62,5.70
2026-04-15,16-01-57,1977.55,36.0,-0.69,5.70
2026-04-15,16-01-57,1977.56,36.0,-0.69,5.70
2026-04-15,16-01-57,1977.57,36.0,-0.75,5.70
2026-04-15,16-01-57,1977.58,36.0,-0.75,5.70
2026-04-15,16-01-57,1977.59,36.0,-0.69,5.70
2026-04-15,16-01-57,1977.6,36.0,-0.62,5.70
2026-04-15,16-01-57,1977.61,36.0,-0.75,5.70
2026-04-15,16-01-57,1977.62,36.0,-0.75,5.70
2026-04-15,16-01-57,1977.63,36.0,-0.75,5.70
2026-04-15,16-01-57,1977.64,36.0,-0.62,5.70
2026-04-15,16-01-58,1977.65,36.0,-0.62,5.70
2026-04-15,16-01-58,1977.66,36.0,-0.75,5.70
2026-04-15,16-01-58,1977.67,36.0,-0.69,5.70
2026-04-15,16-01-58,1977.68,36.0,-0.69,5.70
2026-04-15,16-01-58,1977.69,36.0,-0.62,5.70
2026-04-15,16-01-58,1977.7,36.0,-0.62,5.70
2026-04-15,16-01-58,1977.71,36.0,-0.69,5.70
2026-04-15,16-01-58,1977.72,36.0,-0.69,5.70
2026-04-15,16-01-58,1977.73,36.0,-0.69,5.70
2026-04-15,16-01-58,1977.74,36.0,-0.69,5.73
2026-04-15,16-01-58,1977.75,36.0,-0.69,5.73
2026-04-15,16-01-58,1977.76,36.0,-0.75,5.73
2026-04-15,16-01-58,1977.77,36.0,-0.75,5.73
2026-04-15,16-01-58,1977.781,36.0,-0.75,5.73
2026-04-15,16-01-58,1977.791,36.0,-0.69,5.73
2026-04-15,16-01-58,1977.801,36.0,-0.75,5.73
2026-04-15,16-01-58,1977.811,36.0,-0.69,5.73
2026-04-15,16-01-58,1977.821,36.0,-0.69,5.73
2026-04-15,16-01-58,1977.831,36.0,-0.69,5.73
2026-04-15,16-01-58,1977.841,36.0,-0.69,5.75
2026-04-15,16-01-58,1977.851,36.0,-0.69,5.75
2026-04-15,16-01-58,1977.861,36.0,-0.75,5.75
2026-04-15,16-01-58,1977.871,36.0,-0.69,5.75
2026-04-15,16-01-58,1977.881,36.0,-0.69,5.75
2026-04-15,16-01-58,1977.891,36.0,-0.69,5.75
2026-04-15,16-01-58,1977.901,36.0,-0.75,5.75
2026-04-15,16-01-58,1977.911,36.0,-0.69,5.75
2026-04-15,16-01-58,1977.921,36.0,-0.69,5.75
2026-04-15,16-01-58,1977.931,36.0,-0.69,5.75
2026-04-15,16-01-58,1977.941,36.0,-0.75,5.77
2026-04-15,16-01-58,1977.951,36.0,-0.75,5.77
2026-04-15,16-01-58,1977.961,36.0,-0.75,5.77
2026-04-15,16-01-58,1977.971,36.0,-0.69,5.77
2026-04-15,16-01-58,1977.981,36.0,-0.75,5.77
2026-04-15,16-01-58,1977.991,36.0,-0.75,5.77
2026-04-15,16-01-58,1978.001,36.0,-0.75,5.77
2026-04-15,16-01-58,1978.011,36.0,-0.69,5.77
2026-04-15,16-01-58,1978.021,36.0,-0.62,5.77
2026-04-15,16-01-58,1978.031,36.0,-0.75,5.77
2026-04-15,16-01-58,1978.041,36.0,-0.69,5.77
2026-04-15,16-01-58,1978.051,36.0,-0.69,5.77
2026-04-15,16-01-58,1978.061,36.0,-0.69,5.77
2026-04-15,16-01-58,1978.071,36.0,-0.62,5.77
2026-04-15,16-01-58,1978.081,36.0,-0.75,5.77
2026-04-15,16-01-58,1978.091,36.0,-0.69,5.77
2026-04-15,16-01-58,1978.101,36.0,-0.69,5.77
2026-04-15,16-01-58,1978.111,36.0,-0.69,5.77
2026-04-15,16-01-58,1978.121,36.0,-0.62,5.77
2026-04-15,16-01-58,1978.131,36.0,-0.75,5.77
2026-04-15,16-01-58,1978.141,36.0,-0.75,5.78
2026-04-15,16-01-58,1978.151,36.0,-0.75,5.78
2026-04-15,16-01-58,1978.161,36.0,-0.69,5.78
2026-04-15,16-01-58,1978.171,36.0,-0.69,5.78
2026-04-15,16-01-58,1978.181,36.0,-0.75,5.78
2026-04-15,16-01-58,1978.191,36.0,-0.69,5.78
2026-04-15,16-01-58,1978.201,36.0,-0.69,5.78
2026-04-15,16-01-58,1978.212,36.0,-0.75,5.78
2026-04-15,16-01-58,1978.222,36.0,-0.69,5.78
2026-04-15,16-01-58,1978.232,36.0,-0.69,5.80
2026-04-15,16-01-58,1978.242,36.0,-0.62,5.80
2026-04-15,16-01-58,1978.252,36.0,-0.62,5.80
2026-04-15,16-01-58,1978.262,36.0,-0.62,5.80
2026-04-15,16-01-58,1978.272,36.0,-0.69,5.80
2026-04-15,16-01-58,1978.282,36.0,-0.69,5.80
2026-04-15,16-01-58,1978.292,36.0,-0.69,5.80
2026-04-15,16-01-58,1978.302,36.0,-0.69,5.80
2026-04-15,16-01-58,1978.312,36.0,-0.69,5.80
2026-04-15,16-01-58,1978.322,36.0,-0.69,5.80
2026-04-15,16-01-58,1978.332,36.0,-0.69,5.78
2026-04-15,16-01-58,1978.342,36.0,-0.75,5.78
2026-04-15,16-01-58,1978.352,36.0,-0.69,5.78
2026-04-15,16-01-58,1978.362,36.0,-0.69,5.78
2026-04-15,16-01-58,1978.372,36.0,-0.75,5.78
2026-04-15,16-01-58,1978.382,36.0,-0.75,5.78
2026-04-15,16-01-58,1978.392,36.0,-0.69,5.78
2026-04-15,16-01-58,1978.402,36.0,-0.69,5.78
2026-04-15,16-01-58,1978.412,36.0,-0.69,5.78
2026-04-15,16-01-58,1978.423,36.0,-0.69,5.78
2026-04-15,16-01-58,1978.432,36.0,-0.69,5.81
2026-04-15,16-01-58,1978.442,36.0,-0.62,5.81
2026-04-15,16-01-58,1978.452,36.0,-0.62,5.81
2026-04-15,16-01-58,1978.462,36.0,-0.69,5.81
2026-04-15,16-01-58,1978.472,36.0,-0.69,5.81
2026-04-15,16-01-58,1978.482,36.0,-0.69,5.81
2026-04-15,16-01-58,1978.492,36.0,-0.69,5.81
2026-04-15,16-01-58,1978.502,36.0,-0.69,5.81
2026-04-15,16-01-58,1978.512,36.0,-0.69,5.81
2026-04-15,16-01-58,1978.522,36.0,-0.62,5.81
2026-04-15,16-01-58,1978.532,36.0,-0.62,5.81
2026-04-15,16-01-58,1978.542,36.0,-0.62,5.80
2026-04-15,16-01-58,1978.552,36.0,-0.69,5.80
2026-04-15,16-01-58,1978.562,36.0,-0.62,5.80
2026-04-15,16-01-58,1978.572,36.0,-0.56,5.80
2026-04-15,16-01-58,1978.582,36.0,-0.69,5.80
2026-04-15,16-01-58,1978.592,36.0,-0.62,5.80
2026-04-15,16-01-58,1978.602,36.0,-0.69,5.80
2026-04-15,16-01-58,1978.612,36.0,-0.62,5.80
2026-04-15,16-01-58,1978.622,36.0,-0.69,5.80
2026-04-15,16-01-58,1978.632,36.0,-0.62,5.80
2026-04-15,16-01-58,1978.642,36.0,-0.62,5.83
2026-04-15,16-01-59,1978.652,36.0,-0.62,5.83
2026-04-15,16-01-59,1978.662,36.0,-0.62,5.83
2026-04-15,16-01-59,1978.672,36.0,-0.62,5.83
2026-04-15,16-01-59,1978.682,36.0,-0.62,5.83
2026-04-15,16-01-59,1978.692,36.0,-0.69,5.83
2026-04-15,16-01-59,1978.702,36.0,-0.62,5.83
2026-04-15,16-01-59,1978.712,36.0,-0.69,5.83
2026-04-15,16-01-59,1978.722,36.0,-0.62,5.83
2026-04-15,16-01-59,1978.732,36.0,-0.69,5.83
2026-04-15,16-01-59,1978.742,36.0,-0.69,5.83
2026-04-15,16-01-59,1978.752,36.0,-0.69,5.83
2026-04-15,16-01-59,1978.762,36.0,-0.69,5.83
2026-04-15,16-01-59,1978.772,36.0,-0.56,5.83
2026-04-15,16-01-59,1978.782,36.0,-0.62,5.83
2026-04-15,16-01-59,1978.792,36.0,-0.62,5.83
2026-04-15,16-01-59,1978.802,36.0,-0.62,5.83
2026-04-15,16-01-59,1978.812,36.0,-0.62,5.83
2026-04-15,16-01-59,1978.822,36.0,-0.69,5.83
2026-04-15,16-01-59,1978.832,36.0,-0.69,5.88
2026-04-15,16-01-59,1978.842,36.0,-0.62,5.88
2026-04-15,16-01-59,1978.852,36.0,-0.62,5.88
2026-04-15,16-01-59,1978.862,36.0,-0.69,5.88
2026-04-15,16-01-59,1978.872,36.0,-0.69,5.88
2026-04-15,16-01-59,1978.882,36.0,-0.75,5.88
2026-04-15,16-01-59,1978.892,36.0,-0.69,5.88
2026-04-15,16-01-59,1978.902,36.0,-0.62,5.88
2026-04-15,16-01-59,1978.912,36.0,-0.69,5.88
2026-04-15,16-01-59,1978.922,36.0,-0.62,5.88
2026-04-15,16-01-59,1978.933,36.0,-0.62,5.88
2026-04-15,16-01-59,1978.943,36.0,-0.69,5.83
2026-04-15,16-01-59,1978.953,36.0,-0.69,5.83
2026-04-15,16-01-59,1978.963,36.0,-0.56,5.83
2026-04-15,16-01-59,1978.973,36.0,-0.62,5.83
2026-04-15,16-01-59,1978.983,36.0,-0.62,5.83
2026-04-15,16-01-59,1978.993,36.0,-0.69,5.83
2026-04-15,16-01-59,1979.003,36.0,-0.62,5.83
2026-04-15,16-01-59,1979.013,36.0,-0.69,5.83
2026-04-15,16-01-59,1979.023,36.0,-0.62,5.83
2026-04-15,16-01-59,1979.033,36.0,-0.62,5.83
2026-04-15,16-01-59,1979.043,36.0,-0.62,5.83
2026-04-15,16-01-59,1979.053,36.0,-0.62,5.83
2026-04-15,16-01-59,1979.063,36.0,-0.62,5.83
2026-04-15,16-01-59,1979.073,36.0,-0.62,5.83
2026-04-15,16-01-59,1979.083,36.0,-0.69,5.83
2026-04-15,16-01-59,1979.093,36.0,-0.69,5.83
2026-04-15,16-01-59,1979.103,36.0,-0.69,5.83
2026-04-15,16-01-59,1979.113,36.0,-0.56,5.83
2026-04-15,16-01-59,1979.123,36.0,-0.62,5.83
2026-04-15,16-01-59,1979.133,36.0,-0.62,5.88
2026-04-15,16-01-59,1979.143,36.0,-0.62,5.88
2026-04-15,16-01-59,1979.153,36.0,-0.62,5.88
2026-04-15,16-01-59,1979.163,36.0,-0.62,5.88
2026-04-15,16-01-59,1979.173,36.0,-0.62,5.88
2026-04-15,16-01-59,1979.183,36.0,-0.69,5.88
2026-04-15,16-01-59,1979.193,36.0,-0.62,5.88
2026-04-15,16-01-59,1979.203,36.0,-0.69,5.88
2026-04-15,16-01-59,1979.213,36.0,-0.69,5.88
2026-04-15,16-01-59,1979.223,36.0,-0.69,5.88
2026-04-15,16-01-59,1979.234,36.0,-0.75,5.88
2026-04-15,16-01-59,1979.244,36.0,-0.69,5.88
2026-04-15,16-01-59,1979.254,36.0,-0.62,5.88
2026-04-15,16-01-59,1979.264,36.0,-0.62,5.88
2026-04-15,16-01-59,1979.274,36.0,-0.75,5.88
2026-04-15,16-01-59,1979.284,36.0,-0.62,5.88
2026-04-15,16-01-59,1979.294,36.0,-0.56,5.88
2026-04-15,16-01-59,1979.304,36.0,-0.56,5.88
2026-04-15,16-01-59,1979.314,36.0,-0.69,5.88
2026-04-15,16-01-59,1979.324,36.0,-0.69,5.88
2026-04-15,16-01-59,1979.334,36.0,-0.62,5.86
2026-04-15,16-01-59,1979.344,36.0,-0.62,5.86
2026-04-15,16-01-59,1979.354,36.0,-0.69,5.86
2026-04-15,16-01-59,1979.364,36.0,-0.62,5.86
2026-04-15,16-01-59,1979.374,36.0,-0.62,5.86
2026-04-15,16-01-59,1979.384,36.0,-0.69,5.86
2026-04-15,16-01-59,1979.394,36.0,-0.62,5.86
2026-04-15,16-01-59,1979.404,36.0,-0.62,5.86
2026-04-15,16-01-59,1979.414,36.0,-0.62,5.86
2026-04-15,16-01-59,1979.424,36.0,-0.62,5.86
2026-04-15,16-01-59,1979.434,36.0,-0.62,5.88
2026-04-15,16-01-59,1979.444,36.0,-0.69,5.88
2026-04-15,16-01-59,1979.454,36.0,-0.62,5.88
2026-04-15,16-01-59,1979.464,36.0,-0.56,5.88
2026-04-15,16-01-59,1979.474,36.0,-0.62,5.88
2026-04-15,16-01-59,1979.484,36.0,-0.56,5.88
2026-04-15,16-01-59,1979.494,36.0,-0.69,5.88
2026-04-15,16-01-59,1979.504,36.0,-0.62,5.88
2026-04-15,16-01-59,1979.514,36.0,-0.69,5.88
2026-04-15,16-01-59,1979.524,36.0,-0.69,5.88
2026-04-15,16-01-59,1979.534,36.0,-0.69,5.91
2026-04-15,16-01-59,1979.544,36.0,-0.56,5.91
2026-04-15,16-01-59,1979.554,36.0,-0.62,5.91
2026-04-15,16-01-59,1979.564,36.0,-0.62,5.91
2026-04-15,16-01-59,1979.574,36.0,-0.69,5.91
2026-04-15,16-01-59,1979.584,36.0,-0.69,5.91
2026-04-15,16-01-59,1979.594,36.0,-0.69,5.91
2026-04-15,16-01-59,1979.604,36.0,-0.62,5.91
2026-04-15,16-01-59,1979.614,36.0,-0.62,5.91
2026-04-15,16-01-59,1979.624,36.0,-0.62,5.91
2026-04-15,16-01-59,1979.634,36.0,-0.69,5.89
2026-04-15,16-01-59,1979.644,36.0,-0.69,5.89
2026-04-15,16-02-00,1979.654,36.0,-0.69,5.89
2026-04-15,16-02-00,1979.664,36.0,-0.75,5.89
2026-04-15,16-02-00,1979.674,36.0,-0.62,5.89
2026-04-15,16-02-00,1979.684,36.0,-0.69,5.89
2026-04-15,16-02-00,1979.694,36.0,-0.69,5.89
2026-04-15,16-02-00,1979.704,36.0,-0.69,5.89
2026-04-15,16-02-00,1979.714,36.0,-0.75,5.89
2026-04-15,16-02-00,1979.724,36.0,-0.69,5.89
2026-04-15,16-02-00,1979.734,36.0,-0.69,5.91
2026-04-15,16-02-00,1979.744,36.0,-0.62,5.91
2026-04-15,16-02-00,1979.754,36.0,-0.69,5.91
2026-04-15,16-02-00,1979.764,36.0,-0.69,5.91
2026-04-15,16-02-00,1979.774,36.0,-0.69,5.91
2026-04-15,16-02-00,1979.784,36.0,-0.75,5.91
2026-04-15,16-02-00,1979.794,36.0,-0.69,5.91
2026-04-15,16-02-00,1979.804,36.0,-0.69,5.91
2026-04-15,16-02-00,1979.814,36.0,-0.56,5.91
2026-04-15,16-02-00,1979.824,36.0,-0.62,5.91
2026-04-15,16-02-00,1979.834,36.0,-0.69,5.91
2026-04-15,16-02-00,1979.844,36.0,-0.69,5.91
2026-04-15,16-02-00,1979.854,36.0,-0.69,5.91
2026-04-15,16-02-00,1979.864,36.0,-0.56,5.91
2026-04-15,16-02-00,1979.874,36.0,-0.62,5.91
2026-04-15,16-02-00,1979.884,36.0,-0.69,5.91
2026-04-15,16-02-00,1979.894,36.0,-0.62,5.91
2026-04-15,16-02-00,1979.904,36.0,-0.62,5.91
2026-04-15,16-02-00,1979.914,36.0,-0.69,5.91
2026-04-15,16-02-00,1979.924,36.0,-0.62,5.91
2026-04-15,16-02-00,1979.935,36.0,-0.69,5.91
2026-04-15,16-02-00,1979.945,36.0,-0.62,5.91
2026-04-15,16-02-00,1979.955,36.0,-0.69,5.91
2026-04-15,16-02-00,1979.965,36.0,-0.69,5.91
2026-04-15,16-02-00,1979.975,36.0,-0.69,5.91
2026-04-15,16-02-00,1979.985,36.0,-0.69,5.91
2026-04-15,16-02-00,1979.995,36.0,-0.69,5.91
2026-04-15,16-02-00,1980.005,36.0,-0.69,5.91
2026-04-15,16-02-00,1980.015,36.0,-0.69,5.91
2026-04-15,16-02-00,1980.025,36.0,-0.62,5.91
2026-04-15,16-02-00,1980.036,36.0,-0.62,5.91
2026-04-15,16-02-00,1980.045,36.0,-0.62,5.91
2026-04-15,16-02-00,1980.055,36.0,-0.62,5.91
2026-04-15,16-02-00,1980.065,36.0,-0.69,5.91
2026-04-15,16-02-00,1980.075,36.0,-0.62,5.91
2026-04-15,16-02-00,1980.085,36.0,-0.62,5.91
2026-04-15,16-02-00,1980.095,36.0,-0.62,5.91
2026-04-15,16-02-00,1980.105,36.0,-0.62,5.91
2026-04-15,16-02-00,1980.115,36.0,-0.62,5.91
2026-04-15,16-02-00,1980.125,36.0,-0.62,5.91
2026-04-15,16-02-00,1980.135,36.0,-0.69,5.91
2026-04-15,16-02-00,1980.145,36.0,-0.69,5.91
2026-04-15,16-02-00,1980.155,36.0,-0.69,5.91
2026-04-15,16-02-00,1980.165,36.0,-0.56,5.91
2026-04-15,16-02-00,1980.175,36.0,-0.56,5.91
2026-04-15,16-02-00,1980.185,36.0,-0.69,5.91
2026-04-15,16-02-00,1980.195,36.0,-0.69,5.91
2026-04-15,16-02-00,1980.205,36.0,-0.69,5.91
2026-04-15,16-02-00,1980.215,36.0,-0.69,5.91
2026-04-15,16-02-00,1980.225,36.0,-0.69,5.91
2026-04-15,16-02-00,1980.235,36.0,-0.62,5.88
2026-04-15,16-02-00,1980.245,36.0,-0.69,5.88
2026-04-15,16-02-00,1980.255,36.0,-0.75,5.88
2026-04-15,16-02-00,1980.265,36.0,-0.69,5.88
2026-04-15,16-02-00,1980.275,36.0,-0.75,5.88
2026-04-15,16-02-00,1980.285,36.0,-0.69,5.88
2026-04-15,16-02-00,1980.295,36.0,-0.62,5.88
2026-04-15,16-02-00,1980.305,36.0,-0.62,5.88
2026-04-15,16-02-00,1980.315,36.0,-0.69,5.88
2026-04-15,16-02-00,1980.325,36.0,-0.62,5.88
2026-04-15,16-02-00,1980.335,36.0,-0.62,5.92
2026-04-15,16-02-00,1980.345,36.0,-0.69,5.92
2026-04-15,16-02-00,1980.355,36.0,-0.62,5.92
2026-04-15,16-02-00,1980.365,36.0,-0.62,5.92
2026-04-15,16-02-00,1980.375,36.0,-0.62,5.92
2026-04-15,16-02-00,1980.385,36.0,-0.69,5.92
2026-04-15,16-02-00,1980.395,36.0,-0.69,5.92
2026-04-15,16-02-00,1980.405,36.0,-0.62,5.92
2026-04-15,16-02-00,1980.415,36.0,-0.62,5.92
2026-04-15,16-02-00,1980.425,36.0,-0.69,5.92
2026-04-15,16-02-00,1980.435,36.0,-0.62,5.86
2026-04-15,16-02-00,1980.445,36.0,-0.69,5.86
2026-04-15,16-02-00,1980.456,36.0,-0.62,5.86
2026-04-15,16-02-00,1980.466,36.0,-0.69,5.86
2026-04-15,16-02-00,1980.476,36.0,-0.69,5.86
2026-04-15,16-02-00,1980.486,36.0,-0.69,5.86
2026-04-15,16-02-00,1980.496,36.0,-0.69,5.86
2026-04-15,16-02-00,1980.506,36.0,-0.69,5.86
2026-04-15,16-02-00,1980.516,36.0,-0.69,5.86
2026-04-15,16-02-00,1980.527,36.0,-0.75,5.86
2026-04-15,16-02-00,1980.537,36.0,-0.62,5.89
2026-04-15,16-02-00,1980.547,36.0,-0.62,5.89
2026-04-15,16-02-00,1980.557,36.0,-0.69,5.89
2026-04-15,16-02-00,1980.567,36.0,-0.62,5.89
2026-04-15,16-02-00,1980.577,36.0,-0.62,5.89
2026-04-15,16-02-00,1980.587,36.0,-0.62,5.89
2026-04-15,16-02-00,1980.597,36.0,-0.62,5.89
2026-04-15,16-02-00,1980.607,36.0,-0.69,5.89
2026-04-15,16-02-00,1980.617,36.0,-0.69,5.89
2026-04-15,16-02-00,1980.627,36.0,-0.62,5.89
2026-04-15,16-02-00,1980.637,36.0,-0.75,5.89
2026-04-15,16-02-00,1980.647,36.0,-0.75,5.89
2026-04-15,16-02-01,1980.657,36.0,-0.62,5.89
2026-04-15,16-02-01,1980.667,36.0,-0.69,5.89
2026-04-15,16-02-01,1980.677,36.0,-0.69,5.89
2026-04-15,16-02-01,1980.687,36.0,-0.69,5.89
2026-04-15,16-02-01,1980.697,36.0,-0.62,5.89
2026-04-15,16-02-01,1980.707,36.0,-0.69,5.89
2026-04-15,16-02-01,1980.717,36.0,-0.62,5.89
2026-04-15,16-02-01,1980.727,36.0,-0.62,5.89
2026-04-15,16-02-01,1980.737,36.0,-0.62,5.89
2026-04-15,16-02-01,1980.747,36.0,-0.62,5.89
2026-04-15,16-02-01,1980.757,36.0,-0.62,5.89
2026-04-15,16-02-01,1980.767,36.0,-0.62,5.89
2026-04-15,16-02-01,1980.777,36.0,-0.56,5.89
2026-04-15,16-02-01,1980.787,36.0,-0.62,5.89
2026-04-15,16-02-01,1980.797,36.0,-0.62,5.89
2026-04-15,16-02-01,1980.807,36.0,-0.62,5.89
2026-04-15,16-02-01,1980.817,36.0,-0.69,5.89
2026-04-15,16-02-01,1980.827,36.0,-0.62,5.89
2026-04-15,16-02-01,1980.837,36.0,-0.62,5.91
2026-04-15,16-02-01,1980.847,36.0,-0.62,5.91
2026-04-15,16-02-01,1980.857,36.0,-0.62,5.91
2026-04-15,16-02-01,1980.867,36.0,-0.56,5.91
2026-04-15,16-02-01,1980.877,36.0,-0.69,5.91
2026-04-15,16-02-01,1980.887,36.0,-0.69,5.91
2026-04-15,16-02-01,1980.897,36.0,-0.69,5.91
2026-04-15,16-02-01,1980.907,36.0,-0.62,5.91
2026-04-15,16-02-01,1980.917,36.0,-0.56,5.91
2026-04-15,16-02-01,1980.927,36.0,-0.56,5.91
2026-04-15,16-02-01,1980.937,36.0,-0.62,5.92
2026-04-15,16-02-01,1980.947,36.0,-0.62,5.92
2026-04-15,16-02-01,1980.958,36.0,-0.69,5.92
2026-04-15,16-02-01,1980.968,36.0,-0.56,5.92
2026-04-15,16-02-01,1980.978,36.0,-0.50,5.92
2026-04-15,16-02-01,1980.988,36.0,-0.62,5.92
2026-04-15,16-02-01,1980.998,36.0,-0.62,5.92
2026-04-15,16-02-01,1981.008,36.0,-0.56,5.92
2026-04-15,16-02-01,1981.019,36.0,-0.62,5.92
2026-04-15,16-02-01,1981.03,36.0,-0.69,5.92
2026-04-15,16-02-01,1981.04,36.0,-0.56,5.92
2026-04-15,16-02-01,1981.05,36.0,-0.56,5.92
2026-04-15,16-02-01,1981.06,36.0,-0.69,5.92
2026-04-15,16-02-01,1981.07,36.0,-0.62,5.92
2026-04-15,16-02-01,1981.08,36.0,-0.69,5.92
2026-04-15,16-02-01,1981.09,36.0,-0.69,5.92
2026-04-15,16-02-01,1981.1,36.0,-0.69,5.92
2026-04-15,16-02-01,1981.11,36.0,-0.56,5.92
2026-04-15,16-02-01,1981.12,36.0,-0.62,5.92
2026-04-15,16-02-01,1981.13,36.0,-0.69,5.92
2026-04-15,16-02-01,1981.14,36.0,-0.69,5.94
2026-04-15,16-02-01,1981.15,36.0,-0.69,5.94
2026-04-15,16-02-01,1981.16,36.0,-0.62,5.94
2026-04-15,16-02-01,1981.17,36.0,-0.62,5.94
2026-04-15,16-02-01,1981.18,36.0,-0.62,5.94
2026-04-15,16-02-01,1981.19,36.0,-0.62,5.94
2026-04-15,16-02-01,1981.2,36.0,-0.62,5.94
2026-04-15,16-02-01,1981.21,36.0,-0.69,5.94
2026-04-15,16-02-01,1981.22,36.0,-0.62,5.94
2026-04-15,16-02-01,1981.231,36.0,-0.62,5.94
2026-04-15,16-02-01,1981.241,36.0,-0.56,5.95
2026-04-15,16-02-01,1981.251,36.0,-0.56,5.95
2026-04-15,16-02-01,1981.261,36.0,-0.62,5.95
2026-04-15,16-02-01,1981.271,36.0,-0.56,5.95
2026-04-15,16-02-01,1981.281,36.0,-0.62,5.95
2026-04-15,16-02-01,1981.291,36.0,-0.69,5.95
2026-04-15,16-02-01,1981.301,36.0,-0.69,5.95
2026-04-15,16-02-01,1981.311,36.0,-0.62,5.95
2026-04-15,16-02-01,1981.321,36.0,-0.62,5.95
2026-04-15,16-02-01,1981.331,36.0,-0.56,5.95
2026-04-15,16-02-01,1981.341,36.0,-0.56,5.95
2026-04-15,16-02-01,1981.351,36.0,-0.56,5.95
2026-04-15,16-02-01,1981.361,36.0,-0.62,5.95
2026-04-15,16-02-01,1981.371,36.0,-0.69,5.95
2026-04-15,16-02-01,1981.381,36.0,-0.62,5.95
2026-04-15,16-02-01,1981.391,36.0,-0.62,5.95
2026-04-15,16-02-01,1981.401,36.0,-0.62,5.95
2026-04-15,16-02-01,1981.411,36.0,-0.62,5.95
2026-04-15,16-02-01,1981.421,36.0,-0.62,5.95
2026-04-15,16-02-01,1981.431,36.0,-0.62,5.95
2026-04-15,16-02-01,1981.441,36.0,-0.50,5.95
2026-04-15,16-02-01,1981.452,36.0,-0.50,5.95
2026-04-15,16-02-01,1981.462,36.0,-0.62,5.95
2026-04-15,16-02-01,1981.472,36.0,-0.56,5.95
2026-04-15,16-02-01,1981.482,36.0,-0.69,5.95
2026-04-15,16-02-01,1981.493,36.0,-0.62,5.95
2026-04-15,16-02-01,1981.503,36.0,-0.56,5.95
2026-04-15,16-02-01,1981.513,36.0,-0.56,5.95
2026-04-15,16-02-01,1981.523,36.0,-0.56,5.95
2026-04-15,16-02-01,1981.533,36.0,-0.56,5.95
2026-04-15,16-02-01,1981.543,36.0,-0.62,5.95
2026-04-15,16-02-01,1981.554,36.0,-0.62,5.95
2026-04-15,16-02-01,1981.563,36.0,-0.69,5.95
2026-04-15,16-02-01,1981.573,36.0,-0.50,5.95
2026-04-15,16-02-01,1981.583,36.0,-0.62,5.95
2026-04-15,16-02-01,1981.593,36.0,-0.56,5.95
2026-04-15,16-02-01,1981.604,36.0,-0.50,5.95
2026-04-15,16-02-01,1981.614,36.0,-0.62,5.95
2026-04-15,16-02-01,1981.625,36.0,-0.62,5.95
2026-04-15,16-02-01,1981.635,36.0,-0.69,5.94
2026-04-15,16-02-01,1981.645,36.0,-0.56,5.94
2026-04-15,16-02-02,1981.655,36.0,-0.62,5.94
2026-04-15,16-02-02,1981.665,36.0,-0.50,5.94
2026-04-15,16-02-02,1981.675,36.0,-0.50,5.94
2026-04-15,16-02-02,1981.685,36.0,-0.56,5.94
2026-04-15,16-02-02,1981.695,36.0,-0.56,5.94
2026-04-15,16-02-02,1981.705,36.0,-0.62,5.94
2026-04-15,16-02-02,1981.715,36.0,-0.62,5.94
2026-04-15,16-02-02,1981.725,36.0,-0.62,5.94
2026-04-15,16-02-02,1981.735,36.0,-0.56,5.94
2026-04-15,16-02-02,1981.745,36.0,-0.50,5.94
2026-04-15,16-02-02,1981.755,36.0,-0.50,5.94
2026-04-15,16-02-02,1981.765,36.0,-0.62,5.94
2026-04-15,16-02-02,1981.775,36.0,-0.69,5.94
2026-04-15,16-02-02,1981.785,36.0,-0.62,5.94
2026-04-15,16-02-02,1981.795,36.0,-0.56,5.94
2026-04-15,16-02-02,1981.805,36.0,-0.62,5.94
2026-04-15,16-02-02,1981.815,36.0,-0.50,5.94
2026-04-15,16-02-02,1981.825,36.0,-0.62,5.94
2026-04-15,16-02-02,1981.835,36.0,-0.56,5.98
2026-04-15,16-02-02,1981.845,36.0,-0.62,5.98
2026-04-15,16-02-02,1981.855,36.0,-0.69,5.98
2026-04-15,16-02-02,1981.865,36.0,-0.62,5.98
2026-04-15,16-02-02,1981.875,36.0,-0.62,5.98
2026-04-15,16-02-02,1981.885,36.0,-0.50,5.98
2026-04-15,16-02-02,1981.895,36.0,-0.69,5.98
2026-04-15,16-02-02,1981.905,36.0,-0.62,5.98
2026-04-15,16-02-02,1981.915,36.0,-0.69,5.98
2026-04-15,16-02-02,1981.925,36.0,-0.56,5.98
2026-04-15,16-02-02,1981.935,36.0,-0.50,5.95
2026-04-15,16-02-02,1981.946,36.0,-0.50,5.95
2026-04-15,16-02-02,1981.956,36.0,-0.50,5.95
2026-04-15,16-02-02,1981.966,36.0,-0.56,5.95
2026-04-15,16-02-02,1981.976,36.0,-0.56,5.95
2026-04-15,16-02-02,1981.986,36.0,-0.56,5.95
2026-04-15,16-02-02,1981.996,36.0,-0.56,5.95
2026-04-15,16-02-02,1982.006,36.0,-0.50,5.95
2026-04-15,16-02-02,1982.016,36.0,-0.50,5.95
2026-04-15,16-02-02,1982.027,36.0,-0.56,5.95
2026-04-15,16-02-02,1982.037,36.0,-0.50,5.97
2026-04-15,16-02-02,1982.047,36.0,-0.50,5.97
2026-04-15,16-02-02,1982.058,36.0,-0.44,5.97
2026-04-15,16-02-02,1982.068,36.0,-0.44,5.97
2026-04-15,16-02-02,1982.078,36.0,-0.50,5.97
2026-04-15,16-02-02,1982.088,36.0,-0.44,5.97
2026-04-15,16-02-02,1982.098,36.0,-0.44,5.97
2026-04-15,16-02-02,1982.108,36.0,-0.38,5.97
2026-04-15,16-02-02,1982.118,36.0,-0.44,5.97
2026-04-15,16-02-02,1982.128,36.0,-0.44,5.97
2026-04-15,16-02-02,1982.138,36.0,-0.44,5.98
2026-04-15,16-02-02,1982.148,36.0,-0.44,5.98
2026-04-15,16-02-02,1982.158,36.0,-0.44,5.98
2026-04-15,16-02-02,1982.168,36.0,-0.38,5.98
2026-04-15,16-02-02,1982.178,36.0,-0.44,5.98
2026-04-15,16-02-02,1982.188,36.0,-0.38,5.98
2026-04-15,16-02-02,1982.198,36.0,-0.38,5.98
2026-04-15,16-02-02,1982.208,36.0,-0.44,5.98
2026-04-15,16-02-02,1982.218,36.0,-0.38,5.98
2026-04-15,16-02-02,1982.228,36.0,-0.38,5.98
2026-04-15,16-02-02,1982.239,36.0,-0.44,6.00
2026-04-15,16-02-02,1982.249,36.0,-0.44,6.00
2026-04-15,16-02-02,1982.259,36.0,-0.44,6.00
2026-04-15,16-02-02,1982.269,36.0,-0.44,6.00
2026-04-15,16-02-02,1982.28,36.0,-0.44,6.00
2026-04-15,16-02-02,1982.29,36.0,-0.44,6.00
2026-04-15,16-02-02,1982.3,36.0,-0.44,6.00
2026-04-15,16-02-02,1982.31,36.0,-0.38,6.00
2026-04-15,16-02-02,1982.32,36.0,-0.38,6.00
2026-04-15,16-02-02,1982.33,36.0,-0.38,6.00
2026-04-15,16-02-02,1982.34,36.0,-0.38,6.00
2026-04-15,16-02-02,1982.35,36.0,-0.38,6.00
2026-04-15,16-02-02,1982.36,34.0,-0.38,6.00
2026-04-15,16-02-02,1982.37,34.0,-0.44,6.00
2026-04-15,16-02-02,1982.381,30.0,-0.38,6.00
2026-04-15,16-02-02,1982.391,24.0,-0.38,6.00
2026-04-15,16-02-02,1982.401,24.0,-0.38,6.00
2026-04-15,16-02-02,1982.411,20.0,-0.44,6.00
2026-04-15,16-02-02,1982.421,20.0,-0.38,6.00
2026-04-15,16-02-02,1982.431,20.0,-0.38,6.00
2026-04-15,16-02-02,1982.441,20.0,-0.38,6.00
2026-04-15,16-02-02,1982.451,20.0,-0.38,6.00
2026-04-15,16-02-02,1982.462,20.0,-0.38,6.00
2026-04-15,16-02-02,1982.472,20.0,-0.38,6.00
2026-04-15,16-02-02,1982.482,20.0,-0.44,6.00
2026-04-15,16-02-02,1982.492,20.0,-0.38,6.00
2026-04-15,16-02-02,1982.502,20.0,-0.38,6.00
2026-04-15,16-02-02,1982.512,20.0,-0.38,6.00
2026-04-15,16-02-02,1982.522,20.0,-0.44,6.00
2026-04-15,16-02-02,1982.532,20.0,-0.38,6.00
2026-04-15,16-02-02,1982.542,20.0,-0.44,6.02
2026-04-15,16-02-02,1982.552,20.0,-0.44,6.02
2026-04-15,16-02-02,1982.562,20.0,-0.38,6.02
2026-04-15,16-02-02,1982.572,20.0,-0.38,6.02
2026-04-15,16-02-02,1982.582,20.0,-0.38,6.02
2026-04-15,16-02-02,1982.592,20.0,-0.44,6.02
2026-04-15,16-02-02,1982.602,20.0,-0.44,6.02
2026-04-15,16-02-02,1982.612,20.0,-0.38,6.02
2026-04-15,16-02-02,1982.622,20.0,-0.38,6.02
2026-04-15,16-02-02,1982.632,20.0,-0.38,6.02
2026-04-15,16-02-02,1982.643,20.0,-0.38,6.03
2026-04-15,16-02-03,1982.653,20.0,-0.31,6.03
2026-04-15,16-02-03,1982.663,20.0,-0.38,6.03
2026-04-15,16-02-03,1982.673,20.0,-0.38,6.03
2026-04-15,16-02-03,1982.683,20.0,-0.31,6.03
2026-04-15,16-02-03,1982.693,20.0,-0.38,6.03
2026-04-15,16-02-03,1982.703,20.0,-0.38,6.03
2026-04-15,16-02-03,1982.713,20.0,-0.31,6.03
2026-04-15,16-02-03,1982.723,20.0,-0.38,6.03
2026-04-15,16-02-03,1982.733,16.0,-0.38,6.05
2026-04-15,16-02-03,1982.743,16.0,-0.38,6.05
2026-04-15,16-02-03,1982.753,16.0,-0.38,6.05
2026-04-15,16-02-03,1982.763,16.0,-0.38,6.05
2026-04-15,16-02-03,1982.773,16.0,-0.38,6.05
2026-04-15,16-02-03,1982.783,12.0,-0.38,6.05
2026-04-15,16-02-03,1982.793,12.0,-0.38,6.05
2026-04-15,16-02-03,1982.803,12.0,-0.38,6.05
2026-04-15,16-02-03,1982.813,4.0,-0.38,6.05
2026-04-15,16-02-03,1982.823,0.0,-0.38,6.05
2026-04-15,16-02-03,1982.833,-2.0,-0.38,6.03
2026-04-15,16-02-03,1982.843,-2.0,-0.31,6.03
2026-04-15,16-02-03,1982.853,-2.0,-0.38,6.03
2026-04-15,16-02-03,1982.863,-2.0,-0.31,6.03
2026-04-15,16-02-03,1982.873,-2.0,-0.44,6.03
2026-04-15,16-02-03,1982.883,-2.0,-0.31,6.03
2026-04-15,16-02-03,1982.893,-2.0,-0.31,6.03
2026-04-15,16-02-03,1982.903,-2.0,-0.31,6.03
2026-04-15,16-02-03,1982.913,-2.0,-0.38,6.03
2026-04-15,16-02-03,1982.923,-2.0,-0.31,6.03
2026-04-15,16-02-03,1982.933,-2.0,-0.38,6.03
2026-04-15,16-02-03,1982.943,-2.0,-0.31,6.03
2026-04-15,16-02-03,1982.953,-2.0,-0.38,6.03
2026-04-15,16-02-03,1982.963,-2.0,-0.31,6.03
2026-04-15,16-02-03,1982.973,-2.0,-0.31,6.03
2026-04-15,16-02-03,1982.983,-2.0,-0.31,6.03
2026-04-15,16-02-03,1982.993,-2.0,-0.31,6.03
2026-04-15,16-02-03,1983.003,-2.0,-0.31,6.03
2026-04-15,16-02-03,1983.013,-2.0,-0.31,6.03
2026-04-15,16-02-03,1983.023,-2.0,-0.31,6.03
2026-04-15,16-02-03,1983.033,-2.0,-0.25,6.03
2026-04-15,16-02-03,1983.043,-2.0,-0.31,6.05
2026-04-15,16-02-03,1983.054,-2.0,-0.19,6.05
2026-04-15,16-02-03,1983.064,-2.0,-0.19,6.05
2026-04-15,16-02-03,1983.074,-2.0,-0.19,6.05
2026-04-15,16-02-03,1983.084,-2.0,-0.19,6.05
2026-04-15,16-02-03,1983.094,-2.0,-0.19,6.05
2026-04-15,16-02-03,1983.105,-2.0,-0.12,6.05
2026-04-15,16-02-03,1983.114,-2.0,0.00,6.05
2026-04-15,16-02-03,1983.126,-2.0,0.00,6.05
2026-04-15,16-02-03,1983.136,-2.0,0.00,6.03
2026-04-15,16-02-03,1983.146,-2.0,0.00,6.03
2026-04-15,16-02-03,1983.156,-2.0,0.00,6.03
2026-04-15,16-02-03,1983.166,-2.0,0.00,6.03
2026-04-15,16-02-03,1983.176,-2.0,0.06,6.03
2026-04-15,16-02-03,1983.186,-2.0,0.06,6.03
2026-04-15,16-02-03,1983.196,-2.0,0.12,6.03
2026-04-15,16-02-03,1983.206,-2.0,0.25,6.03
2026-04-15,16-02-03,1983.216,-2.0,0.25,6.03
2026-04-15,16-02-03,1983.226,-2.0,0.25,6.03
2026-04-15,16-02-03,1983.236,-2.0,0.31,6.03
2026-04-15,16-02-03,1983.246,-2.0,0.31,6.03
2026-04-15,16-02-03,1983.256,-2.0,0.31,6.03
2026-04-15,16-02-03,1983.266,-2.0,0.44,6.03
2026-04-15,16-02-03,1983.276,-2.0,0.44,6.03
2026-04-15,16-02-03,1983.287,-2.0,0.56,6.03
2026-04-15,16-02-03,1983.297,-2.0,0.56,6.03
2026-04-15,16-02-03,1983.307,-2.0,0.69,6.03
2026-04-15,16-02-03,1983.317,-2.0,0.62,6.03
2026-04-15,16-02-03,1983.327,-2.0,0.62,6.03
2026-04-15,16-02-03,1983.337,-2.0,0.75,6.03
2026-04-15,16-02-03,1983.347,-2.0,0.81,6.03
2026-04-15,16-02-03,1983.357,-2.0,0.81,6.03
2026-04-15,16-02-03,1983.367,-2.0,0.81,6.03
2026-04-15,16-02-03,1983.377,-2.0,0.88,6.03
2026-04-15,16-02-03,1983.387,-2.0,0.94,6.03
2026-04-15,16-02-03,1983.397,-2.0,0.94,6.03
2026-04-15,16-02-03,1983.407,-2.0,1.00,6.03
2026-04-15,16-02-03,1983.417,-2.0,1.00,6.03
2026-04-15,16-02-03,1983.427,-2.0,1.00,6.03
2026-04-15,16-02-03,1983.437,-2.0,1.00,6.03
2026-04-15,16-02-03,1983.447,-2.0,1.00,6.03
2026-04-15,16-02-03,1983.457,-2.0,1.06,6.03
2026-04-15,16-02-03,1983.467,-2.0,1.12,6.03
2026-04-15,16-02-03,1983.477,-2.0,1.12,6.03
2026-04-15,16-02-03,1983.487,-2.0,1.12,6.03
2026-04-15,16-02-03,1983.497,-2.0,1.12,6.03
2026-04-15,16-02-03,1983.507,-2.0,1.19,6.03
2026-04-15,16-02-03,1983.517,-2.0,1.12,6.03
2026-04-15,16-02-03,1983.527,-2.0,1.12,6.03
2026-04-15,16-02-03,1983.537,-2.0,1.12,6.00
2026-04-15,16-02-03,1983.547,-2.0,1.19,6.00
2026-04-15,16-02-03,1983.557,-2.0,1.19,6.00
2026-04-15,16-02-03,1983.567,-2.0,1.12,6.00
2026-04-15,16-02-03,1983.577,-2.0,1.19,6.00
2026-04-15,16-02-03,1983.587,-2.0,1.12,6.00
2026-04-15,16-02-03,1983.597,-2.0,1.12,6.00
2026-04-15,16-02-03,1983.607,-2.0,1.12,6.00
2026-04-15,16-02-03,1983.617,-2.0,1.12,6.00
2026-04-15,16-02-03,1983.627,-2.0,1.12,6.00
2026-04-15,16-02-03,1983.637,-2.0,1.12,6.02
2026-04-15,16-02-03,1983.647,-2.0,1.12,6.02
2026-04-15,16-02-04,1983.657,-2.0,1.12,6.02
2026-04-15,16-02-04,1983.667,-2.0,1.06,6.02
2026-04-15,16-02-04,1983.677,-2.0,1.06,6.02
2026-04-15,16-02-04,1983.687,-2.0,1.06,6.02
2026-04-15,16-02-04,1983.697,-2.0,1.06,6.02
2026-04-15,16-02-04,1983.707,-2.0,1.12,6.02
2026-04-15,16-02-04,1983.717,-2.0,1.12,6.02
2026-04-15,16-02-04,1983.727,-2.0,1.06,6.02
2026-04-15,16-02-04,1983.737,-2.0,1.12,6.00
2026-04-15,16-02-04,1983.747,-2.0,1.06,6.00
2026-04-15,16-02-04,1983.758,-2.0,1.06,6.00
2026-04-15,16-02-04,1983.768,-2.0,1.06,6.00
2026-04-15,16-02-04,1983.778,-2.0,1.00,6.00
2026-04-15,16-02-04,1983.788,-2.0,1.00,6.00
2026-04-15,16-02-04,1983.798,-2.0,1.00,6.00
2026-04-15,16-02-04,1983.808,-2.0,1.00,6.00
2026-04-15,16-02-04,1983.818,-2.0,0.94,6.00
2026-04-15,16-02-04,1983.828,-2.0,1.00,6.00
2026-04-15,16-02-04,1983.838,-2.0,0.94,6.02
2026-04-15,16-02-04,1983.848,-2.0,0.94,6.02
2026-04-15,16-02-04,1983.858,-2.0,0.94,6.02
2026-04-15,16-02-04,1983.868,-2.0,0.88,6.02
2026-04-15,16-02-04,1983.878,-2.0,0.94,6.02
2026-04-15,16-02-04,1983.888,-2.0,0.88,6.02
2026-04-15,16-02-04,1983.898,-2.0,0.94,6.02
2026-04-15,16-02-04,1983.908,-2.0,0.88,6.02
2026-04-15,16-02-04,1983.918,-2.0,0.88,6.02
2026-04-15,16-02-04,1983.928,-2.0,0.88,6.02
2026-04-15,16-02-04,1983.938,-2.0,0.81,5.94
2026-04-15,16-02-04,1983.948,-2.0,0.81,5.94
2026-04-15,16-02-04,1983.958,-2.0,0.81,5.94
2026-04-15,16-02-04,1983.968,-2.0,0.88,5.94
2026-04-15,16-02-04,1983.978,-2.0,0.81,5.94
2026-04-15,16-02-04,1983.988,-2.0,0.75,5.94
2026-04-15,16-02-04,1983.998,-2.0,0.75,5.94
2026-04-15,16-02-04,1984.008,-2.0,0.75,5.94
2026-04-15,16-02-04,1984.018,-2.0,0.75,5.94
2026-04-15,16-02-04,1984.028,-2.0,0.75,5.94
